{
  "accuracy": 0.9583,
  "classification_report": {
    "0": {
      "precision": 0.9761904761904762,
      "recall": 0.9761904761904762,
      "f1-score": 0.9761904761904762,
      "support": 42.0
    },
    "1": {
      "precision": 1.0,
      "recall": 0.9318181818181818,
      "f1-score": 0.9647058823529412,
      "support": 44.0
    },
    "2": {
      "precision": 0.8918918918918919,
      "recall": 0.9705882352941176,
      "f1-score": 0.9295774647887324,
      "support": 34.0
    },
    "accuracy": 0.9583333333333334,
    "macro avg": {
      "precision": 0.9560274560274561,
      "recall": 0.9595322977675919,
      "f1-score": 0.9568246077773832,
      "support": 120.0
    },
    "weighted avg": {
      "precision": 0.961036036036036,
      "recall": 0.9583333333333334,
      "f1-score": 0.9587724385528859,
      "support": 120.0
    }
  },
  "confusion_matrix": [
    [
      41,
      0,
      1
    ],
    [
      0,
      41,
      3
    ],
    [
      1,
      0,
      33
    ]
  ],
  "roc_auc_ovr": 0.9719
}